Date,full_text,retweet_count
2021-09-03,Forex Analysis amp Reviews 03 09 2021 INTC breaks out of wedge INTC INTC,0
2021-09-03,INTC intel compra TradingView,0
2021-09-04,INTC long term chart looks interesting,0
2021-09-05,StockNews INTC Investors Spotlight Intel Corporation INTC TECHNICAL INTERPRETATION Intel Corporation INTC exchanged 13436607 shares on hands in most recent trading session and observed an average volume with 21952 26K shares The stock,0
2021-09-06,INTC flying low and have been hampered by the AMD lately is definitely looking bullish on my end now as it is gearing up to enter a new space of GPU Especially when the profit margins of GPU are where they at and mining not looking to stop anytime soon INTC long term hold,1
2021-09-07,What do you think the fair value of stock INTC tuesdaymotivations stockstowatch StocksToBuy INTC,0
2021-09-08,The three biggest players creating distance from everyone else and thus a quasi monopoly positions INTC INTC,1
2021-09-08,Intel Taiwan Semi and Samsung have announced at least 300 billion in investments for manufacturing since last April Intel plans investment of up to 95 billion in European chip making amid U S expansion via,4
2021-09-08,ENZC HAS THE CURES with AI and INTEL INTC,2
2021-09-08,ENZC The company provided insights to what they are focusing on Aug 25th update They are engaging many highly qualified CDMOs plural Lonza was just one of many They will likely disclose during the next interview and likely PR beforehand too,27
2021-09-08,StockNews INTC Watch list Hot Stock Intel Corporation INTC Intel Corporation INTC traded 13914972 shares on hands in most recent trading session and observed an average volume with 21774 93K shares The stock acknowledged active focus on shares,0
2021-09-09,Intel has great support from Europe customers to build a Megafab for leading edge manufacturing in the region Check out what BMW Siemens Daimler VW and others say IamIntel intc,0
2021-09-11,WATCH BEARISH SEPT SELL OFF DOW JONES INDEX DJIA DOW 30 DIA STOCK MARKET AAPL AAPL Apple AMGN AMGN AXP AXP BA BA Boeing CAT CAT CRM CRM CSCO CSCO CVX CVX DIS DIS DOW DOW GS GS HD HD HomeDepot HON HON IBM IBM INTC INTC,0
2021-09-12,StockNews INTC Stock Technical indicators Intel Corporation INTC VOLATILITY ANALYSIS Volatility remained at 1 47 over last week and shows 1 52 volatility in last month Market risk that established with market trade and it is measured by beta,0
2021-09-13,StockNews INTC Hot Stock on Radar Intel Corporation INTC Intel Corporation INTC acknowledged active focus on shares in the last trading session The stock disclosed a change of 2 93 and its listed share value at 55 42 in the recent trade,0
2021-09-13,MARKET ALPHA WATCHLIST INTC INTC chart,0
2021-09-14,Covered Calls Cash Flow Strategy Ticker INTC Date 2021 09 17 Strike 55 0 Premium Generated 1 0 options coveredcalls stocks INTC,0
2021-09-14,SELL ALERT for INTC 54 40 Green Circle exit Return 0 27,0
2021-09-14,Intel INTC INTC TradingView,0
2021-09-14,Plays in action Update 4 INTC,0
2021-09-15,stocks we are buying today up root wrap BABA didi intc,0
2021-09-15,Briefs INTC GlobalFoundries To Ramp Up Auto Chip Production Discloses Additional 6B Investment Nikkei Asia,0
2021-09-16,RFCsWeLove on IPv6 PDM v2 on 1st Oct 6 30 PM IST 1 PM UTC Register at Further details at IIESoc IETF112 IETF INTC,3
2021-09-17,MCFE MCFE INTC INTC Form 4 McAfee Corp For Sep 14 Filed by INTEL CORP UNITED STATES SECURITIES AND EXCHANGE COMMISSION Washington D C 20549 STATEMENT OF CHANGES IN BENEFICIAL OWNERSHIP McAfee intel,0
2021-09-18,INTC INTC 50 50 TradingView,0
2021-09-19,StockNews INTC Stock Technical indicators Intel Corporation INTC Intel Corporation INTC exchanged 35083401 shares on hands in most recent trading session and observed an average volume with 21445 85K shares The stock acknowledged active,0
2021-09-20,INTC Put Lotto INTC INTC,0
2021-09-20,Do I regret not buying NVDA a few years back what do you think nvda intc intc stocks,0
2021-09-20,StockNews INTC You Need to Know this stock Intel Corporation INTC VOLATILITY ANALYSIS Volatility remained at 1 70 over last week and shows 1 58 volatility in last month Market risk that established with market trade and it is measured by beta,0
2021-09-20,Below are 15 of the largest semiconductor companies on the market with an aggregate market cap of 2 5T up nearly a trillion YOY NVDA now well above INTC and threatening to take over TSM as most valuable semiconductor company,45
2021-09-21,SMH Elliott Wave Analysis Please like and share if you appreciate this Elliottwave analysis NDX SPX MSFT APPL AMZN GOOG GOOGL FB INTC NVDA CSCO ADBE NFLX PEP CMCSA PYPL TSLA COST AMGN TMUS AVGO TXN,0
2021-09-21,Now even ITC gave breakout when will INTC move,0
2021-09-22,The Intc s dividient of December had revealed I found it INTC,0
2021-09-22,Check out my INTC analysis on,0
2021-09-23,PC analogy made up specialist parts analogous to depts siloes sales marketing service INTC AMD NVDA etc AAPL packaged the PC into Customerjourney product then made it an Experience the Product is the Experience innovation futureback jtbd odi,0
2021-09-24,INTC Awaiting Short Signal Stock Trading Ideas by UltraAlgo INTC TradingAlgo stockmarket,0
2021-09-25,Intel INTC Core i9 12900K wrecks every single AMD CPU makes in Cinebench,0
2021-09-25,INTC INTC Intel Starts Construction of Two Arizona Computer Chip Factories,0
2021-09-26,StockNews INTC Hot Stock on Radar Intel Corporation INTC Intel Corporation INTC disclosed a change of 0 35 and its listed share value at 54 22 in the recent trade transaction This company belong to USA Country and part of Technology sector,0
2021-09-27,Intel Breaks Ground On Two New Computer Chip Factories In Arizona As Part Of A 20 Billion Project To Help Meet Demand For Semiconductors In The U S intc,0
2021-09-27,INTC Awaiting Short Signal Stock Trading Ideas by UltraAlgo INTC TradingAlgo pennystocks nasdaq nyse,0
2021-09-28,ENZC We ve seen this run last year until Feb but this time it will be a different ball game 5 my wishful but will keep holding INTC,2
2021-09-28,StockNews INTC Investors Spotlight Intel Corporation INTC TECHNICAL INTERPRETATION Intel Corporation INTC exchanged 13899911 shares on hands in most recent trading session and observed an average volume with 21026 65K shares The stock,1
2021-10-02,FTD of INTC in the last 1 year To view more details including T 35 date visit FTD INTC,0
2021-10-03,StockNews INTC Are You Looking For Active Stock Intel Corporation INTC Intel Corporation INTC exchanged 19710809 shares on hands in most recent trading session and observed an average volume with 20823 64K shares The stock acknowledged active,0
2021-10-04,StockNews INTC Investors Spotlight Intel Corporation INTC TECHNICAL INTERPRETATION Intel Corporation INTC exchanged 1306659 shares on hands in most recent trading session and observed an average volume with 20745 88K shares The stock,0
2021-10-04,The 10 Biggest DIVIDENDS Paying Tech Stocks 1 Micro Focus International plc MFGP 2 Hewlett Packard Enterprise Company HPE 3 HP Inc HPQ 4 SAP SE SAP 5 Intel Corporation INTC 6 Texas Instruments Incorporated TXN 7 Qualcomm Incorporated QCOM,0
2021-10-05,StockNews INTC Investors Alert Intel Corporation INTC TECHNICAL INTERPRETATION Intel Corporation INTC exchanged 27353324 shares on hands in most recent trading session and observed an average volume with 20904 16K shares The stock acknowledged,0
2021-10-05,4oct2021 finaltrade Buy shares of INTC or OXY intc oxy intel occidental petroleum cnbcfastmoney DowJones nasdaq nyse stockmarket trade shares trading investing etf acciones valores bolsa stock market mercado equities securities options,0
2021-10-06,BUY ALERT for INTC 53 20 Target Range 53 46 to 53 73 Red Circle entry Shaded areas represent P L S L 53 06,0
2021-10-06,CNBC INTC 2 Tech Stocks To Play Right Now And 1 To Avoid,0
2021-10-06,SELL ALERT for INTC 53 50 Green Circle exit Return 0 57,0
2021-10-06,Briefs INTC Morgan Stanley Cuts Intel s Price Target By 4 But Still Sees Long Term Upside,0
2021-10-07,INTC Put Lotto INTC INTC,0
2021-10-07,US mentioned yesterday quite frankly could have thrown darts at a list of top companies and made money Whole debt ceiling saga a present for the algo s bought AAPL INTC NVDA added to DKNG will be top slicing all into the close,0
2021-10-07,Marvell Technology increases long term revenue growth target to 15 20 on the back of 20 long term revenue growth in cloud 5G and automotive See Page 30 MRVL INTC AMD NVDA AVGO QCOM AMAT TXN,0
2021-10-08,AI is accurately predicting the AlphaFold of the single protein configuration among 10 300 possible configurations for each protein MedTwitter INTC ENZC mabs deepmind LevinthalsParadox cure Samsung by RobToews,5
2021-10-09,Battle for Dividends Intel Corp vs Broadcom There are many stocks in this sector but which of these two do you personally prefer and why The chip wars are on INTC AVGO DividendStocks Dividends Investing chipshortage,1
2021-10-10,StockNews INTC Active Condition Now Intel Corporation INTC Intel Corporation INTC observed an average volume with 20857 16K shares and exchanged 15896261 shares on hands in most recent trading session The stock acknowledged active focus on,0
2021-10-10,Historically the best performing earnings option play for INTC was the Debit Put Sprd L25P S15P with a 58 win rate based on the last 12 quarters intc stockmarkets optionstrading daytrading freesignals SP500 NASDAQ,1
2021-10-11,StockNews INTC Hot Condition Now Intel Corporation INTC Intel Corporation INTC traded 16068031 shares on hands in most recent trading session and observed an average volume with 20809 56K shares The stock acknowledged active focus on shares in,0
2021-10-12,BUY ALERT for INTC 52 98 Target Range 53 24 to 53 51 Red Circle entry Shaded areas represent P L S L 52 84,0
2021-10-12,SELL ALERT for INTC 52 84 Green Circle exit Return 0 25,0
2021-10-12,Briefs INTC Two Significant Chipmakers Gear To Resume 100 Production In Vietnam Unclog Supply Chain,0
2021-10-12,INTC INTC Intel Won t Limit Crypto Mining on New Arc GPUs via,0
2021-10-12,StockNews INTC You Need to See this stock Intel Corporation INTC VOLATILITY ANALYSIS Volatility remained at 1 72 over last week and shows 1 68 volatility in last month Market risk that established with market trade and it is measured by beta,0
2021-10-13,NFE Elliottwave Analysis Please like and share if you appreciate this chart algotrading NDX SPX MSFT APPL AMZN GOOG GOOGL FB AMD NVDA SMH XLK JPM M PG UNH INTC,0
2021-10-13,INTEL OUR FORTHCOMING LINE OF ARC GRAPHICS CARDS WON T RESTRICT CRYPTOCURRENCY MINING INTC INTC,2
2021-10-13,StockNews INTC Stock Technical indicators Intel Corporation INTC Intel Corporation INTC observed an average volume with 20743 27K shares and exchanged 32398095 shares on hands in most recent trading session The stock acknowledged active focus,0
2021-10-13,Wave 2 Trade Setup in MSFT Before amp After Are you in with us algotrading NDX SPX MSFT APPL AMZN GOOG GOOGL FB AMD NVDA SMH XLK JPM M PG UNH INTC VZ MA PFE MRK BAC DIS NFLX TSLA,1
2021-10-14,Two Significant Chipmakers Gear Up To Resume 100 Production In Vietnam Unclog Supply Chain intc ssnlf,0
2021-10-15,Join our NEW Discord Server 100 slots free than it is over We make about 55 avg per day on our trades We are consistent We are Pro Traders We have a plan Stocks Options Crypro Newbies welcome,3
2021-10-16,The most anticipated earnings releases scheduled for the week are Tesla TSLA Netflix NFLX Johnson amp Johnson JNJ Cleveland Cliffs CLF Snap SNAP Verizon VZ ASML ASML AT amp T T Intel INTC and Halliburton HAL EarningsCalendar earnings earningsseason tesla,0
2021-10-16,FTD of INTC in the last 1 year To view more details including T 35 date visit FTD INTC,0
2021-10-17,StockNews INTC You Need to Know this stock Intel Corporation INTC VOLATILITY ANALYSIS Volatility remained at 2 04 over last week and shows 1 75 volatility in last month Market risk that established with market trade and it is measured by beta,0
2021-10-18,Watch INTC INTC today AppleEvent,0
2021-10-18,Watching INTC today for possible reaction to AAPL event today If a new chip is announced coupled with INTC CEO saying he wants to win AAPL back IMO it makes INTC look weak stockstowatch,0
2021-10-19,StockNews INTC Watch list Hot Stock Intel Corporation INTC VOLATILITY ANALYSIS Volatility remained at 1 98 over last week and shows 1 74 volatility in last month Market risk that established with market trade and it is measured by beta factor,0
2021-10-19,AAPL AAPL AMGN AMGN AXP AXP BA BA CAT CAT CRM CRM CSCO CSCO CVX CVX DIS DIS DOW DOW GS GS HD HD HON HON IBM IBM INTC INTC JNJ JNJ JPM JPM KO KO MCD MC MMM MMM MRK MRK MSFT MSFT NKE NKE PG PG TRV TRV UNH UNH V VZ WBA WMT,0
2021-10-19,AMD I would like to meet face to face those idiots selling before merger with Xilinx and earnings Do you have a brain AMD will run 5X to match NVDA from now INTC SPY BTC X AMD SPY NVDA BTC INTC,0
2021-10-19,StockstoWatch Stockstobuy Swingtrading Swingtrade Nasdaq100 Nasdaq nyse dow dowjones On Monthly Continue INTC RIO LMT CI NTES NEM XEL BF B BF A PCAR INTC RIO LMT CI NTES NEM XEL BF PCAR,0
2021-10-19,Apple Macbooks Do You Know The Difference Between M1 M1 Pro And M1 Max Chips AAPL INTC,1
2021-10-19,I have been a lifelong PC user but the new M1 Pro max is very very tempting If you consider the cost of a discrete GPU card highest end PC CPU the macbooks aren t that much more expensive than a PC anymore AAPL INTC PC,0
2021-10-20,StockstoWatch Stockstobuy Swingtrading Swingtrade Nasdaq100 Nasdaq nyse stocksinfocus dow dowjones On Monthly Continue INTC RIO LMT CI NTES NEM SRE XEL BF B INTC RIO LMT CI NTES NEM SRE XEL BF B,0
2021-10-20,INTC 60 CALL 10 22 08 earnings LOTTO risky can be 0 tmr INTC,0
2021-10-20,StockNews INTC You Need to See this stock Intel Corporation INTC Intel Corporation INTC exchanged 18392880 shares on hands in most recent trading session and observed an average volume with 21133 66K shares The stock acknowledged active focus,0
2021-10-20,INTC Stock Forecast Price amp News Intel INTC INTC,0
2021-10-21,INTC anyone buying LEAPs or cash secured puts INTC,0
2021-10-21,INTC intel bulls see Lisa rolling they hatin INTC,0
2021-10-21,INTC Dont worry all bleeding stops eventually AMD INTC AMD,0
2021-10-21,INTC will add more calls tomorrow if it comes below 50 INTC,0
2021-10-21,INTC Everytime haha it s like the easiest short ever lol INTC,0
2021-10-21,INTC Beaten down way too much Time to rise again They better announce 1NM CPUs Bullish INTC,1
2021-10-21,INTC it will rise tomorrow No brainer INTC,0
2021-10-21,INTC you know why AMD is going up that s market share getting eaten up INTC,0
2021-10-21,INTC At least it s not SNAP INTC,0
2021-10-21,INTC this thing fkkddd again Bearish INTC,0
2021-10-21,INTC Yikes INTC,0
2021-10-21,INTC now I ll have to wait yet another qtr to dump for a loss Hate this pos Bearish INTC,0
2021-10-21,INTC will dip to 40s INTC,0
2021-10-21,INTC hey man Monday it would probably open at around 49 INTC,0
2021-10-21,INTC this is where I add INTC,0
2021-10-21,INTC hello bulls INTC,0
2021-10-21,INTC I have a 2023 25 options call with a break even price of 46 I am better of exercising it and breaking even than selling the option at a fcking loss INTC,1
2021-10-21,INTC bring this back to the 30s so I can load the truck This is awesome Maybe we will get another 10 tomorrow INTC,0
2021-10-21,INTC hmm 10 year and amd buy intel INTC Bearish,0
2021-10-21,INTC Where s a safe buy 40 45 INTC,0
2021-10-22,INTC It s damn cheap Bullish INTC,0
2021-10-22,INTC one thing consistent about intel is that they will be down 10 after every ER INTC,1
2021-10-22,INTC that hurts INTC,0
2021-10-22,intc reported earnings,0
2021-10-22,INTC collect some shares and look for a little recovery INTC,0
2021-10-22,TW0E Numbers for Gap Trades tomorrow Potential bounce areas FB 313 16 INTC 47 07 Not sure if it goes there SNAP 52 71 57 24 Mark these numbers TW0E DayTrading FB INTC,3
2021-10-22,INTC Lisa Su having the biggest chuckle lol INTC,0
2021-10-22,INTC I see momentum continuing here and test resistance at 58 INTC Bullish,0
2021-10-22,INTC it s very simple if this gets under a 10 pe you buy INTC,0
2021-10-22,INTC value trap invest here and lose INTC,0
2021-10-22,INTC Adding all the way into December INTC,0
2021-10-22,INTC dead money INTC Bearish,0
2021-10-22,Chips gt Chips INTC,1
2021-10-22,INTC no bottom INTC Bearish,0
2021-10-22,INTC it s time for Intel to break up to compete AMD did it Look at how it is today INTC,0
2021-10-22,INTC I would probably get in at the mid 40s range INTC,0
2021-10-22,INTC added here Can hold next year INTC Bullish,0
2021-10-22,AMD Advanced Micro Investors are afterhours winners as INTC drop the ball once again AMD INTC,0
2021-10-22,INTC I will monitor this closely to tomorrow particularly the volume to decide whether to initiate a long position or not INTC,0
2021-10-23,What a INSANE week FUBO JNJ STLD OSTK ABT BIIB PFE PYPL EFX CSX VLO BX AXP INTC WHR UPS ATVI,0
2021-10-25,HOOD Check out Fisker FSR my favorite upcoming EV I got one reserved COIN INTC it will be in the price range as the model 3 y With solar roof option COIN Bullish HOOD INTC,0
2021-10-25,INTC New Technical Analysis Invest commission free in the UK amp EU with Freetrade and claim a free stock Stocks Markets Trading TechnicalAnalysis,0
2021-10-25,Intel Corporation INTC closed at 49 41 score 203 credit rating A,0
2021-10-25,Intel INTC Stock Price Forecast Ahead of Earnings INTC,0
2021-10-25,INTC Update INTC chart on,0
2021-10-26,Plays in action Update 1 INTC,0
2021-10-26,INTC New Technical Analysis Invest commission free in the UK amp EU with Freetrade and claim a free stock Stocks Markets Trading TechnicalAnalysis,0
2021-10-26,INTC 48 CALL 10 29 75 Day Trade INTC,0
2021-10-26,AMD Another 20 pullback here and we re half way to fair market value Until then I ll be averaging into INTC PE Ratio 9 gt AMD INTC,0
2021-10-26,Buy Intel Now intc,0
2021-10-26,Join us for more hot calls intc,1
2021-10-26,StockNews INTC Should You Observe this stock Intel Corporation INTC Intel Corporation INTC exchanged 18502641 shares on hands in most recent trading session and observed an average volume with 22142 81K shares The stock acknowledged active,0
2021-10-26,SELL ALERT for INTC 47 95 Green Circle exit Return 0 34,0
2021-10-26,INTC 30 s inbound Bearish INTC,0
2021-10-26,Baby come back yeah you can blame it all on me Intel Apple INTC AAPL,0
2021-10-26,Unusual options volume in FB NVDA COP OCGN INTC INTC FB OCGN NVDA COP,0
2021-10-26,INTC Call Lotto INTC INTC,0
2021-10-26,BUY ALERT for INTC 48 11 Target Range 48 35 to 48 60 Red Circle entry Shaded areas represent P L S L 47 99,0
2021-10-27,StockNews INTC Hot Stock Spotlight Intel Corporation INTC VOLATILITY ANALYSIS Volatility remained at 2 11 over last week and shows 1 86 volatility in last month Market risk that established with market trade and it is measured by beta factor,0
2021-10-27,INTC Although I love INTC chips the company earnings have not been so hot Here on the weekly looks like we still have lower so I will wait until this week closes out before deciding a move,0
2021-10-27,This program regarding INTC blew my mind Call me naive But their lack of integrity In how they bribed other companies 4 yrs To use their product Intel From Inventors of the CPU to Laughing Stock Part 2 via technology ColdFusion Dagogo,0
2021-10-27,AMZN Earnings GOOG INTC IT Productivity Is Paying Off For Microsoft,0
2021-10-27,AMD INTC Sell your amd and buy intel it s the better value Why the fuck would anyone sell the winner and buy the loser Maybe you should realize why it s a better value it s cause nobody wants it AMD INTC,0
2021-10-27,My 5 stock positions that you ll probably want to HODL for 5 years 1 Salesforce CRM 2 PayPal PYPL 3 Nvidia Corporation NVDA 4 Alphabet GOOG 5 Intel Corp INTC,0
2021-10-27,AMD Intel fans are trying to find any excuse INTC 48 stock price LOL Bullish AMD INTC,0
2021-10-27,AMD the fact that INTC still has cpus up to 50 faster than AMD is sad gt AMD INTC,1
2021-10-28,Earnings INTC Why Are MaxLinear Shares Trading Higher Today,0
2021-10-28,Intel Corporation INTC closed at 48 08 score 208 credit rating A,0
2021-10-28,Intel delivers 40 cost saving over Nvidia in Amazon cloud intc nvda,0
2021-10-29,Daily summary target for INTC INTC and SP500 no setup on PYPL PYPL,0
2021-10-29,INTC be vigilant as it ends with harami cross today INTC SwingTrading,1
2021-10-29,INTC intel TradingView,0
2021-10-29,if INTC will manage to breach 48 50 48 55 area the next bullish target is expected around 49 14 49 22,0
2021-10-29,ATOM AMD INTC IBM NVDA we have the winner ATOM Bullish INTC ATOM AMD IBM NVDA,0
2021-10-30,INTC intc TradingView,0
2021-10-31,INTC Seems that price has finally found a bottom Beautiful engulfing candle with a notorious volume spike May add for a parabolic buy set up Targets 20 and 50 EMA Extra sellers might begging to step in the 51 range INTC stocks stockstowatch,0
2021-11-01,INTC Swing It didn t test the 47 and reversed on Friday Potential long setup from 48 86 I will be looking to open a small size there INTC SwingTrading TW0E,0
2021-11-01,NVDA This absolute behemoth looks ready for more I ll be buying calls over Friday s high 257 07 NVDA AMD INTC SPY,0
2021-11-01,StockNews INTC Are You looking For Hot Stock Intel Corporation INTC Intel Corporation INTC exchanged 274520 shares on hands in most recent trading session and observed an average volume with 23142 5K shares The stock acknowledged active focus,0
2021-11-01,ALL MY CURRENT POSITIONS prog PROG Calls spy SPY Puts INTC INTC Puts BEN BEN Shares GME GME Shares AMC AMC Shares Calls Amc Calls are old far expiration,0
2021-11-02,CALX FB Insider Buying INTC News 4 Stocks Insiders Are Buying,0
2021-11-02,StockNews INTC Hot Stock Spotlight Intel Corporation INTC Intel Corporation INTC exchanged 28013740 shares on hands in most recent trading session and observed an average volume with 23320 17K shares The stock acknowledged active focus on,0
2021-11-03,intc slowly moving up I would sell puts few months out 5 OTM And buy calls for a month out Looks like a winning trade ibm same story,0
2021-11-03,StockNews INTC Investors Spotlight Intel Corporation INTC TECHNICAL INTERPRETATION Intel Corporation INTC exchanged 2330364 shares on hands in most recent trading session and observed an average volume with 23460 09K shares The stock,0
2021-11-03,Beauty INTC for the bounce at TRICKTRADES one of many from the pre market plan of attack stock market trading,0
2021-11-03,INTC Call Lotto INTC INTC,0
2021-11-04,Since I interviewed PatGelsinger at VMWare he s become the CEO of Intel INTC and was one of the two key people on 60Minutes discussion about China and advanced microchips,1
2021-11-04,A Look Inside Intel INTC Intel INTC GapFill,0
2021-11-04,Tesla Elliottwave Analysis Mooning We hope you are in Please like and share if you appreciate this chart algotrading NDX SPX MSFT APPL AMZN GOOG GOOGL FB AMD NVDA SMH XLK JPM M PG UNH INTC TSLA,1
2021-11-04,FTD of INTC in the last 1 year To view more details including T 35 date visit FTD INTC,0
2021-11-04,So the 12900k is really good A year late compared to Ryzen9 but still good I bought a bunch of INTC stock the other day so I m happy it s really good hehehe,0
2021-11-05,Did anyone catch this big green candle on Intel this morning INTC Intel INTC called this yesterday,0
2021-11-05,INTC with a Bullish outlook following its earnings Stocks INTC chart on,0
2021-11-05,INTC 2022 Leadership Conference will be held on March 8 9 2022 Submit your proposals to present by December 17 2021 Link at leadership conference teacher Illinois INTC proposal leadershipconference,0
2021-11-05,Intel CEO says the company has a tough road ahead with the ChipShortage This hit MarketSentiment for IntelStock Are you keeping up with MarketNews StockMarket StockTrading INTC Traders Trading is risky,2
2021-11-05,QCOM report did not go by unnoticed by anyone In the long run i believe the sector semi conductors direct or connected might be a good bet A few companies to look at are QCOM MU ASML TSCM AMAT INTC,0
2021-11-06,INTC INTC How Intel plans to catch Samsung and TSMC and regain its dominance in the chip market,1
2021-11-08,Briefs INTC McAfee Nears Deal To Sell Itself For Over 10B All You Need To Know,0
2021-11-08,INTC GO TO UP 52,0
2021-11-08,Great spot to buy INTC INTC chart on,3
2021-11-08,AMD Stock Jumps On New Data Center Chips Facebook Win cloudcomputingproviders lisasu advancedmicrodevices hansmosesmann intc datacenter,0
2021-11-09,StockNews INTC Investors Alert Intel Corporation INTC TECHNICAL INTERPRETATION Intel Corporation INTC exchanged 31647844 shares on hands in most recent trading session and observed an average volume with 24208 98K shares The stock acknowledged,0
2021-11-09,NVDA vs INTC Ratio Below is an interesting 20YR comparison between Nvidia amp Intel The purple line 1 1 parity between the two NVDA for the longest time was stuck below 1X but just surpassed 6X INTC This ratio will drop back amp get narrowed once again,1
2021-11-09,Texas Instruments Elliottwave Analysis Please like and share if you appreciate this chart algotrading NDX SPX MSFT APPL AMZN GOOG GOOGL FB AMD NVDA SMH XLK JPM M PG UNH INTC TXN,0
2021-11-10,StockNews INTC Should You Observe this stock Intel Corporation INTC Intel Corporation INTC observed an average volume with 24329 56K shares and exchanged 22508422 shares on hands in most recent trading session The stock acknowledged active,0
2021-11-11,INTC INTC 50 88 FlashDropper DELAYED 15 MINUTES REALTIME FOR SUBSCRIBERS Subscribe today,0
2021-11-12,Next week ComplyAdvantage will be at INTC World 2021 in Miami If you see the CA team come on over and say hi INTCWorld2021 INTC,1
2021-11-12,Join us for the 2022 Leadership Conference featuring two days of critical breakout sessions keynote speakers networking opportunities and sharing of resources Link to register conference leadership teacher TEACHers INTC Illinois,0
2021-11-12,Intel s Rise To Market Leadership Is Likely intc,0
2021-11-13,Why did INTC Intel think they could build a chip plant in China Glad I sold all my shares last week,0
2021-11-14,INTC waiting for the CAHOLD to break out of a bull flag pattern INTC SwingTrading,1
2021-11-14,Pros And Cons Of Rebalancing Stock Market Investments via allocation approach asset bonds disadvantage diversification effective intc investment investments magnify pessimistic portfolio rebalancing resistance retirement,0
2021-11-15,The civil war narrative being fanned by the the broad western media platforms including the majority of the IntC actors is not a slip of tounge or something that has come out of misunderstanding the facts on the ground Its delibrate NoMore to pressures on Ethiopia,0
2021-11-15,INTC INTC weekly chart going to 45 00,0
2021-11-15,liborvasa One of the best traders in social trading according to bestcopytrade eTORO popularinvestor Total return 315 04 Return last 12 month 14 28 Portfolio allocated mainly in INTC NTOY ATVI FB copytrading passiveincome mirrotrade,0
2021-11-16,INTC INTC small bull flag breakout Entered 12 3 51C at 0 87 my discord got the quick alert,0
2021-11-16,StockNews INTC You Need to See this stock Intel Corporation INTC Intel Corporation INTC observed an average volume with 24705 95K shares and exchanged 24623518 shares on hands in most recent trading session The stock acknowledged active focus,0
2021-11-16,FTD of INTC in the last 1 year To view more details including T 35 date visit FTD INTC,0
2021-11-17,This week marks the 50th birthday of the Intel 4004 that paved the path for modern microprocessor computing Am grateful to receive a note from alongwith an incredible schematic diagram of the original Intel4004 INTC,0
2021-11-17,StockNews INTC Are You Looking For Active Stock Intel Corporation INTC Intel Corporation INTC exchanged 30927764 shares on hands in most recent trading session and observed an average volume with 25054 41K shares The stock acknowledged active,0
2021-11-17,Amazon Elliott Wave Analysis Please like and share if you appreciate this chart elliottwave algotrading NDX SPX MSFT APPL AMZN GOOG GOOGL FB AMD NVDA SMH XLK JPM M PG UNH INTC,2
2021-11-17,LETS GO INTC INTC,0
2021-11-17,Two greatly unvalued stocks IBM amp INTC great dividend growth stocks,1
2021-11-18,INTC INTEL TradingView,0
2021-11-18,SNAP Elliottwave Analysis Flat W2 Zigzag W4 Please like and share if you appreciate this chart algotrading NDX SPX MSFT APPL AMZN GOOG GOOGL FB AMD NVDA SMH XLK JPM M PG UNH INTC,0
2021-11-19,Happy Friday The Meemic Foundation is offering two grant opportunities November PopIn2Win Grant and Scholastic Book Fair Application is simple and you can apply for BOTH grants Learn more about the grants at INTC grants November December Teacher,0
2021-11-19,INTC is going to blow up w Build Back Better investments,0
2021-11-19,Chip will one day become a necessity like how data has become today Most companies will have to make their semiconductor chips in house nvda amd intc,0
2021-11-20,INTC One of the plays i will be working on next lots of bullish signs on the chart to discuss plus i ll be using the Flow with the best tool in the game UnusualWhales,0
2021-11-21,StockNews INTC Investors Alert Intel Corporation INTC TECHNICAL INTERPRETATION Intel Corporation INTC exchanged 27480004 shares on hands in most recent trading session and observed an average volume with 25318 07K shares The stock acknowledged,0
2021-11-21,INTC intel to 68 soon,0
2021-11-21,New post An Update FAANG TSLA MU NVDA NKE MSFT INTC AnirudhSethi has been published on Financial Occultist,0
2021-11-21,Winter Dip Spring Run INTC INTC Semiconductor Flow UnusualWhales,1
2021-11-22,Video from the weekend I uploaded for you all to check out as INTC is have a pretty solid start to Monday Winter Dip Spring Run INTC INTC Semiconductor Flow,0
2021-11-22,StockNews INTC You Need to See this stock Intel Corporation INTC Intel Corporation INTC observed an average volume with 25388 97K shares and exchanged 17729415 shares on hands in most recent trading session The stock acknowledged active focus,0
2021-11-22,Watching price action on INTC here Broadening formation,0
2021-11-23,StockNews INTC Are You Looking For Active Stock Intel Corporation INTC TECHNICAL INTERPRETATION Intel Corporation INTC exchanged 33389634 shares on hands in most recent trading session and observed an average volume with 25506 83K shares The,0
2021-11-23,Amazon Elliott Wave Analysis Please like and share if you appreciate this chart Elliottwave algotrading NDX SPX MSFT APPL AMZN GOOG GOOGL FB AMD NVDA SMH XLK JPM M PG UNH INTC,1
2021-11-23,INTC for the daily nut bounce at TRICKTRADES right to plan gone over prior market stock market trading,0
2021-11-23,INTC SHORT EN INTC TradingView,0
2021-11-24,INTC Call Lotto INTC INTC,0
2021-11-24,If only we could fit all that we know about semiconductors like INTC AMD XLNX and NVDA for investors on one page Alas the problems of having too much data,0
2021-11-24,Growth stocks to look at intc tdoc dis ibm Baba,0
2021-11-24,StockNews INTC Stock Technical indicators Intel Corporation INTC Intel Corporation INTC observed an average volume with 25825 86K shares and exchanged 44713340 shares on hands in most recent trading session The stock acknowledged active focus,0
2021-11-24,geofflee2006 One of the best traders in social trading according to bestcopytrade eTORO popularinvestor Total return 276 68 Return last 12 month 26 89 Portfolio allocated mainly in INTC MU WDC copytrading passiveincome mirrortrading,0
2021-11-26,INTC 2669 Funds Holding Net No of Funds Increasing Position vs Last Quarter 217 Net No of Funds Entering vs Last Quarter 50 INTC Find out more,1
2021-11-26,Sold 23 8 Lots of INTC O 48 66 SL 56 69 TP 24 57 stocks Forex Futures Trade at your own risk This is not an investment advice,0
2021-11-28,StockNews INTC Are You Looking For Active Stock Intel Corporation INTC TECHNICAL INTERPRETATION Intel Corporation INTC exchanged 25268977 shares on hands in most recent trading session and observed an average volume with 25913 36K shares The,0
2021-11-28,INTC Intel Corporation 3 Year Prediction 72 84 Potential 44 0 INTC,0
2021-11-29,StockNews INTC Opportunity on Hot Stock Intel Corporation INTC VOLATILITY ANALYSIS Volatility remained at 2 44 over last week and shows 1 83 volatility in last month Market risk that established with market trade and it is measured by beta,0
2021-11-29,INTC for the bounce at TRICKTRADES gone over prior market open LIVE stock market trading,2
2021-11-30,StockNews INTC Opportunity on Hot Stock Intel Corporation INTC VOLATILITY ANALYSIS Volatility remained at 2 82 over last week and shows 1 92 volatility in last month Market risk that established with market trade and it is measured by beta,0
2021-11-30,INTC 2669 Funds Holding Net No of Funds Increasing Position vs Last Quarter 217 Net No of Funds Entering vs Last Quarter 50 INTC Find out more,0
2021-12-01,30nov2021 finaltrade Buy shares of INTC amp URI intc intel uri unitedrentals cnbcfastmoney DowJones nasdaq nyse stockmarket trade shares trading investing etf acciones valores bolsa stock market mercado equities securities options div,0
2021-12-01,Uma Chunduri will go over the latest 5G deployments in Multi access Edge Clouds and on prem edges and the usage of IPv6 in this free webinar Register INTC IIESoc IETF,0
2021-12-01,StockNews INTC Investors Watch list Intel Corporation INTC TECHNICAL INTERPRETATION Intel Corporation INTC exchanged 49460840 shares on hands in most recent trading session and observed an average volume with 26950 82K shares The stock,0
2021-12-02,FTD of INTC in the last 1 year To view more details including T 35 date visit FTD INTC,0
2021-12-03,INTC 2670 Funds Holding Net No of Funds Increasing Position vs Last Quarter 218 Net No of Funds Entering vs Last Quarter 51 intc stocks investing finance Find out more,0
2021-12-03,INTC INTC Intel Is a Value and Dividend Investment on a Holiday Discount No pun intended but it s time to put all of your chips on INTC stock,0
2021-12-06,INTC 1359 Funds Increasing Their Position vs Last Quarter intc stocks investing finance Find out more,0
2021-12-06,INTC there is one gap it gonna fill in upcoming days with 10 returns already 3 up today NASDAQ100 USstocks trading Follow me for more daily trading tips to catch rocket stocks,0
2021-12-07,INTC INTC Daiy Chart Intel Shares Shoot Up On Plan To Take Mobileye Public Next earnings 1 26,4
2021-12-07,INTC moving after hours Shares up 7 Intel to list shares in self driving car unit mobileye Chart here from,5
2021-12-07,QCOM is going to outrun INTC INTC They dont have spend billions to build fabs always pushing buyback prioritize 5G chips etc Won t get this low price,0
2021-12-07,AAPL Earnings GSK INTC MRNA Investors Do A Little Holiday Value Shopping On Monday,0
2021-12-07,INTC Put Lotto INTC INTC,0
2021-12-07,intc intc was was a good move,0
2021-12-07,Duck and Colts Watchlist What are you watching WYNN VRM SQ SPLK PINS NIO INTC TTD AAL ETSY MSFT,0
2021-12-07,Got my eye on you intc for the next 2weeks,0
2021-12-07,INTC finally,0
2021-12-07,Tuesday markets gains in Europe and US after a rise in Asia VIX 1wk low omicron optimism GBP up on good BRC data INTC to IPO Mobileye TSLA bear mkt oil above 200 day SMA Coffee record high Lumber 6mth high EarlyMorningCall 07 30amUK,4
2021-12-07,INTC was the 9th most mentioned on wallstreetbets over the last 24 hours Via intc wallstreetbets,0
2021-12-07,INTEL PLANS TO LAUNCH 50B IPO OF ITS MOBILEYE SELF DRIVING CAR UNIT IN 2022 INTC 8 stockstowatch options optionsflow EV intc,6
2021-12-07,Intel is spinning off its Mobileye business and it plans to use much of the proceeds to build new semiconductor plants More good news INTC also plans to retain a majority stake in Mobileye,0
2021-12-07,Intel plans to take self driving car unit public in the U S in mid 2022 Link in bio investing intel selfdriving business itifin INTC,0
2021-12-07,HPQ looks ready to pop from the flow def another to watch RTX ASO INTC are others FollowTheFlow,0
2021-12-07,This Investor Says Mobileye Isn t What Will Drive Intel Shares To 90 Here s What Will CNBC INTC,1
2021-12-07,UPDATE 1 Intel CEO aims to build chip plants with money raised from Mobileye IPO INTC,0
2021-12-07,Today is 5 up woohoo TRADINGTIPS intc stockmarkets,0
2021-12-07,INTC INTC Unlocking some value here,0
2021-12-07,Semiconductors bustin out today Channel down and then boom all time highs soon nvda semiconductor intc BTC,1
2021-12-07,Intel plans to take self driving car unit Mobileye public,7
2021-12-07,INTC IMO There s support around 53 54 for INTC regardless of sell off at open which is a good sign,0
2021-12-08,Intel USA INTC chart on,0
2021-12-08,Most trending tickers on Reddit past 24 hours AAPL TSLA GME NVDA AMD QQQ CHWY INTC VIX Data courtesy of Try them out,0
2021-12-08,INTC seeing an uptick in chatter on wallstreetbets over the last 24 hours Via intc wallstreetbets,0
2021-12-08,INTC Intel to spend Mobileye proceeds on chip factories INTC,0
2021-12-08,INTC 1362 Funds Increasing Their Position vs Last Quarter intc stocks investing finance Find out more,0
2021-12-08,Whoa AMC looking real nice today Let s hope INTC starts to turn around Was able to average down on my call options with this dip Another alert from whales AMCSTRONG AMCAPES,1
2021-12-08,BUY ALERT for INTC 51 77 Target Range 52 02 to 52 29 Red Circle entry Shaded areas represent P L S L 51 64,0
2021-12-08,SELL ALERT for INTC 51 63 Green Circle exit Return 0 26,0
2021-12-08,INTC INTC Intel CEO The best way to fix America s chipshortage v,0
2021-12-08,Intel Corporation intelligently going down INTC INTC chart on,0
2021-12-08,LOADING UP IN INTEL INTC TO THE MOON,0
2021-12-08,INTC New Technical Analysis Invest commission free in the UK amp EU with Freetrade and claim a free stock Stocks Markets Trading TechnicalAnalysis,0
2021-12-09,Finished the day 6 5R overtraded and broke rules Set off by very small one partial winners and break even trades such as this INTC sixty minute opening range breakdown No secret market was choppy in the first hour BBTFamily DayTrading StockMarket BBTStrong INTC,0
2021-12-10,Mobileye one of the largest competitor s to Tesla Musk s method of implementing autonomous driving is set to IPO under Intel s umbrella Big Growth incoming for intc,0
2021-12-10,Rosenblatt Securities Analyst Reiterates Sell Hans Mosesmann analyst at Rosenblatt Securities reiterates Sell Rating on INTC with a price target of Is INTC on your radar Check this out INTC INTC Technology stockstowatch StocksToTrade,0
2021-12-11,AMD Technical Analysis Please like and share if you appreciate this chart Elliottwave Elliottwave algotrading NDX SPX MSFT APPL AMZN GOOG GOOGL FB AMD NVDA SMH XLK JPM M PG UNH INTC,1
2021-12-11,INTC 1362 Funds Increasing Their Position vs Last Quarter intc stocks investing finance Find out more,0
2021-12-11,At UNGA debate on strengthening coordination of humanitarian amp disaster relief assistance of UN Bangladesh Permanent Representative Ambassador Ms RababFatima urges IntC and relevant UN agencies to scale up efforts for international burden amp responsibility sharing of Rohingya,0
2021-12-12,178 Funds Entering INTC For The First Time Over The Last Quarter intc stocks investing finance Find out more,0
2021-12-12,StockNews INTC Are You Looking For Active Stock Intel Corporation INTC Intel Corporation INTC exchanged 23647419 shares on hands in most recent trading session and observed an average volume with 29912 38K shares The stock acknowledged active,0
2021-12-12,Intel Corporation INTC Presents at UBS 2021 Global TMT Conference Transcript INTEL INTC INTC tecnologia hardware semiconductores,0
2021-12-12,INTC INTC Intel shows research for packing more computing power into chips beyond 2025,1
2021-12-13,50 More Funds Holding Positions in INTC vs Last Quarter intc stocks investing finance Find out more,0
2021-12-13,Intel Corporation to invest 7 billion in Malaysia Click to know the details Intel IntelCorporation INTC IntelCorp INTCstocks IntelMalaysia stockmarket stocknews stockstowatch INTCprice,0
2021-12-13,A Peek Into The Markets Earnings INTC JILL KZIA A Peek Into The Markets US Stock Futures Gain After S amp P 500 Hits Record High,0
2021-12-13,StockNews INTC Should You Observe this stock Intel Corporation INTC Intel Corporation INTC disclosed a change of 0 22 and its listed share value at 50 59 in the recent trade transaction This company belong to USA Country and part of,0
2021-12-13,WaveAnalysis INTC Intel falling inside impulse wave 3 Likely to reach support level 48 00,0
2021-12-14,StockNews INTC Investors Spotlight Intel Corporation INTC Intel Corporation INTC exchanged 35726896 shares on hands in most recent trading session and observed an average volume with 30170 93K shares The stock acknowledged active focus on,0
2021-12-15,1363 funds increasing their holding in INTC vs last quarter intc stocks investing finance Find out more,0
2021-12-16,The power of algotrading in SPX We anticipated this Measured Move on the Discord synchronized with the VIX Join us algotrading Elliottwave NDX SPX MSFT APPL AMZN GOOG GOOGL FB AMD NVDA SMH XLK JPM M PG UNH INTC VZ MA PFE,0
2021-12-16,Bearish play FEZ FEZ 1 21 47c 48c 4 credit Max gain 40 Max lose 60 Good luck INTC INTC 1 28 51c 55c 39 credit Max gain 139 Max lose 361 Good luck EWY EWY 1 28 79c 83 5c 6 credit Max gain 160 Max lose 290 Good luck,0
2021-12-16,50 more funds holding INTC vs last quarter intc stocks investing finance Find out more,0
2021-12-17,Trading Ideas Good long term hold entry point for INTC FREE trade of week via,0
2021-12-17,INTC seems to be bouncing off of a long term support line see the monthlies Daily Weekly MACD momentum and Stochastic also in recovery mode I think I like A good longer term hold with a 2 7 div yield,0
2021-12-19,1363 funds increasing their holding in INTC vs last quarter intc stocks investing Find out more,0
2021-12-20,1363 funds increasing their holding in INTC vs last quarter intc stocks investing Find out more,0
2021-12-20,Covid 19 complicated the business of chipmaking and 2022 will bring little respite Learn why tesla TSM QCOMM INTC Investing Illustration Rose Wong,0
2021-12-20,If You Invested 1 000 In Taiwan Semiconductor Stock One Year Ago Here s How Much You d Have Now INTC News,0
2021-12-21,INTC Put Lotto INTC INTC,0
2021-12-21,Amazon Technical Analysis Please like and share if you appreciate this chart Elliottwave algotrading NDX SPX MSFT APPL AMZN GOOG GOOGL FB AMD NVDA SMH XLK JPM M PG UNH INTC,2
2021-12-22,INTC Sell strategy INTC chart on,0
2021-12-23,INTC INTC Intel and Italy are intensifying talks over investments expected to be worth around 8 billion euros 9 billion to build an advanced semiconductor packaging plant chipmakers,0
2021-12-23,Intel plans to invest some 80 billion euros in Europe over the next 10 years smh INTC semiconductors INTC SMH,0
2021-12-23,INTC INTC SKHynix gets China approval to take over Intel s NAND business via chipmakers,0
2021-12-24,ENZC AABB TSLA NIO ZOM ZOOM INTC INCC Treat yourself with our Christmas Discount,1
2021-12-24,The are the stocks I ll be looking at BAC GM AAL DIS CCL WMT DKNG PINS SNAP TWTR QCOM KO INTC F,0
2021-12-26,StockNews INTC Watch list Hot Stock Intel Corporation INTC Intel Corporation INTC exchanged 25144246 shares on hands in most recent trading session and observed an average volume with 31229 23K shares The stock acknowledged active focus on,0
2021-12-27,Semis having a good day nvda mrvl amd intc StockMarket,0
2021-12-27,10 30am recap Our students have the complete list with my entry and exits Daytrade Per share NIO 1 SOFI 37 TSLA 34 In an hour Then volleyball Starter position on BABA weeklypay INTC watch for LOTTO list DM me for details spy aapl qqq stonks OptionsTrading,3
2021-12-28,INTC INTEL NASDAQ 80 lONG TradingView,0
2021-12-29,Waiting S amp P500 INTC,0
2021-12-29,Short AAPL and long INTC Jk,0
2021-12-29,Castle moats were only useful until guns and canons got invented Don t fall in love with the moats of your stock pick It can disappear over night due to technology disruptions kodak nokia intc,3
2021-12-30,Get Top 10 EV Benchmark for FREE AAPL F GM GOOGL INTC LCID LI MSFT MU NIO NIU NVDA QCOM RIDE RIVN TM TSLA WKHS XPEV,0
2021-12-30,INTC INTC Intel Sells SSD Business and Dalian Facility to SK hynixv,0
2021-12-31,Two great stocks to buy Intel Corp INTC amp General Electric GE,0
2022-01-02,51 more funds hold INTC vs last Q intc INTEL CORP,0
2022-01-02,INTC New Technical Analysis Chart on TradingView Stocks Markets Trading TechnicalAnalysis,0
2022-01-02,StockNews INTC Stock Technical indicators Intel Corporation INTC Intel Corporation INTC exchanged 16245885 shares on hands in most recent trading session and observed an average volume with 31549 12K shares The stock acknowledged active focus,0
2022-01-03,Intel INTC chart on,1
2022-01-03,01 03 22 Monday INTC 1 21 54 5C 25 DIS 1 7 157 5C 25 SPY 1 5 476C 20 LCID 1 7 40C 10 FB 1 7 342 5C 28 5 Holding overnight Sold LCID way too early could have been 100 gain Hopefully FB can move up tmr Do not disappoint me please,0
2022-01-03,intc intc approaching top trendline resistance this should be a price target if long theres potential we get rejected at trend restance and see a dump back to support If it breaks trend resistance my price targets are 54 4 57 43 62 27 like and follow for more,0
2022-01-03,StockNews INTC Investors Alert Intel Corporation INTC TECHNICAL INTERPRETATION Intel Corporation INTC exchanged 16318965 shares on hands in most recent trading session and observed an average volume with 31311 15K shares The stock acknowledged,0
2022-01-04,Volkswagen Ford and Geely have all signed deals with MobilEye to provide the foundations of their driver assistance systems MobilEye will power technology branded as Ford BlueCruise etc in legacy auto cars MobilEye announce the moves Tuesday at CES INTC,5
2022-01-04,51 more funds hold INTC vs last Q intc INTEL CORP,0
2022-01-04,INTC announced its 12th generation core chips for laptops intc stocks stockstowatch options optionsflow patience volume tuesdayvibe TuesdayFeeling tuesday,3
2022-01-04,StockNews INTC Investors Alert Intel Corporation INTC Intel Corporation INTC acknowledged active focus on shares in the last trading session The stock disclosed a change of 3 32 and its listed share value at 53 21 in the recent trade,0
2022-01-04,RIP INTC INTC,0
2022-01-05,INTC INTC Intel stock rallies after upgrade says chip maker is starting to execute on a coherent strategy,0
2022-01-05,Intel INTC INTC good move today hope it can continue to go north Hope this would be next in chip space,0
2022-01-05,INTC INTC stuck in this long term range,0
2022-01-05,INTC Two nice Trades with two great Setups,0
2022-01-05,StockNews INTC Hot Stock on Spotlight Intel Corporation INTC Intel Corporation INTC traded 45681384 shares on hands in most recent trading session and observed an average volume with 31816 24K shares The stock acknowledged active focus on,0
2022-01-05,HMC Honda UP another 2 6 in tokyo japan plus 3 yesterday there s an almost 3 spread that ADS ADR has to catch UP Relax or take advantage of the arbitrage HMC Honda going over 50 maybe 100 CES QVOM SNE INTC NVDA SONY GS CS C JPM MS,1
2022-01-05,INTC New Technical Analysis Chart on TradingView Stocks Markets Trading TechnicalAnalysis,0
2022-01-05,Intel INTC INTC good move today hope it can continue to go north Hope this would be next in chip space,0
2022-01-06,Either revisit 52 66 or wick fill to the upside INTC,0
2022-01-07,intc value play,0
2022-01-07,Here s a look at the prospects for INTC stock,0
2022-01-08,INTC It s time for Intel to play catch up while AMD amp NVDA consolidate sideways TSM is also another semi stock like INTC that has been lagging behind in 21 amp is likely to catch up to the rest of the semis during Q1 Grew Y R from 59B to 78B during 4y of trading sideways,0
2022-01-08,That was a funny episode I watch those guys and the only two stocks they d buy is INTC and T AT amp T Both clear winners over the last decade,0
2022-01-09,StockNews INTC Active Condition Now Intel Corporation INTC Intel Corporation INTC exchanged 30694593 shares on hands in most recent trading session and observed an average volume with 32701 84K shares The stock acknowledged active focus on,0
2022-01-10,INTC BEAUTIFUL CONTINUATION TO THE UPSIDE ON THE DAILY 240 BREAKING PREVIOUS HIGHS WEEKLY SITTING INSIDE OF LAST WEEKS CANDLE STILL NEEDS A MOVE HIGHER WILL ENTER LONG OFF THE MONTHLY ONCE PRICE REBREAKS 55 00 INTC,0
2022-01-10,Success Post from user Era Hardaway in Discord INTC INTC StocksToWatch StocksToBuy,0
2022-01-10,INTC Intel Corporation Reference Price 54 175 1 Year Prediction 64 29 Potential 19 0 INTC,0
2022-01-10,Dow Jones Pares 590 Point Intraday Drop Intel Jumps But HSBC Downgrade Hits Nike Stock Why Moderna Is Surging Today adbe zscaler humana nasdaq100 intc hsbc,0
2022-01-10,StockNews INTC Is this stock is Attractive Intel Corporation INTC Intel Corporation INTC traded 30717218 shares on hands in most recent trading session and observed an average volume with 32858 28K shares The stock acknowledged active focus on,0
2022-01-10,INTC new CFO is worth 4 at intel and 1 6 at MU,0
2022-01-10,Well I called it last weeks folks and here we go Next in chip space INTC INTC Intel,0
2022-01-11,INTC one minute opening range breakdown for 1 2R BBTFamily DayTrading StockMarket BBTStrong INTC,0
2022-01-11,Mon 1 10 22 options 30 min ORB for stocks on the ORB list Min 10 Vol 1M Max Ask 5 Opt Vol in any strike 750 Max Exp 30 Days Out ADBE FIGS INTC CRWD MRNA AVTR HOLX TTD DWAC UBER,0
2022-01-11,Intel Drops A Bomb On The Robotaxi Industry intc,0
2022-01-11,ACI ANF Earnings ILMN INTC 5 Stocks To Watch For January 11 2022,0
2022-01-11,Check out my INTC analysis on intc why am i drawn to this name,0
2022-01-11,They were stalwarts too yahoo xerox nortel just we changed a CFO to hide the intc intc propped by MSM and establishment what you need is urgency like nvda amd mu qcom stocks stockmarket,1
2022-01-11,StockNews INTC Are You Looking For Active Stock Intel Corporation INTC TECHNICAL INTERPRETATION Intel Corporation INTC exchanged 49260832 shares on hands in most recent trading session and observed an average volume with 33376 92K shares The,0
2022-01-12,Made a small bag off that INTC bounce teambulltrading INTC,0
2022-01-12,StockNews INTC To Follow this Stock Intel Corporation INTC Intel Corporation INTC exchanged 39795188 shares on hands in most recent trading session and observed an average volume with 33773 74K shares The stock acknowledged active focus on,0
2022-01-12,Here at INTC we want to highlight talented people that deserve to be recognized for their work This month the spotlight is on Jaidon Dean At only 20 years old he is an AMAZINGLY talented artist Head over to his page and see for yourself,6
2022-01-13,Alright INTC Fam We have our first Disneyplus showdown We believe that there was NO BETTER season premiere then And the BEST season finale goes to What do you think Let us know in our poll Marvelstudios Marvelcomics,6
2022-01-13,Good day to own stocks in semiconductor industry long in order of position size TSM AMAT QCOM and INTC,0
2022-01-14,Since I interviewed him at VMWare he s become the CEO of Intel INTC and was one of the two key people on 60Minutes discussion about China and advanced microchips,1
2022-01-14,Check out my INTC analysis on intc,0
2022-01-14,Intel INTC plans to invest 20 Billion in the Greater Columbus Ohio area to build a new factory that it intends to invest up to 20 billion according to The Dispatch,6
2022-01-14,INTC checking all the boxes a large block WITH a sweeper large darkpool and time on the contracts Remember darkpool will never reveal if it is a buy or a sell stocks stockstowatch options optionsflow flowplay intc,5
2022-01-14,INTC Call Volume 511 Open Interest 134 Volume USD 112 174 Underlying price 55 01 Last Option Price 2 2 INTC INTC,0
2022-01-15,Groundbreaking news Intel gets exclusive TSMC 3nm fab Intel inside TSMC,9
2022-01-15,intc intel corporation wave 5 maybe break up historical ATH 35 gain tp 75 90 sl 44 48 range,0
2022-01-16,Good RR INTC chart on,0
2022-01-16,I ve been talking about INTC since my DD video I dropped for a spring,0
2022-01-17,INTC working it s way into the top 20 most mentioned on wallstreetbets over the last 24 hours Via intc wallstreetbets,0
2022-01-17,Get the AMD Full Benchmark for FREE AMD TXN MCHP INTC NVDA HPQ MTSI,0
2022-01-17,INTC INTC Weekly Candles Crossed over the 200EMA on Daily Chart Weekly Chart showing trying to cross over 50EMA,0
2022-01-17,I ll be waiting to read more about this paywall prob be a article soon enough intel intc 3nm is still mind blowing to me,0
2022-01-17,StockNews INTC Hot Stock on Radar Intel Corporation INTC Intel Corporation INTC acknowledged active focus on shares in the last trading session The stock disclosed a change of 1 38 and its listed share value at 55 7 in the recent trade,0
2022-01-18,INTC INTC The Intel Split s earnings are not until next Wednesday but whatever CEO Pat Gelsinger plans to discuss it seems the real news about Intel came from the earnings of another company TSMC via TSM,0
2022-01-18,StockNews INTC Hot Stock on Radar Intel Corporation INTC Intel Corporation INTC acknowledged active focus on shares in the last trading session The stock disclosed a change of 1 38 and its listed share value at 55 7 in the recent trade,0
